Type,Local ID,Message,Field 0,Value 0,Units 0,Field 1,Value 1,Units 1,Field 2,Value 2,Units 2,Field 3,Value 3,Units 3,Field 4,Value 4,Units 4,Field 5,Value 5,Units 5,Field 6,Value 6,Units 6,Field 7,Value 7,Units 7,Field 8,Value 8,Units 8,Field 9,Value 9,Units 9,Field 10,Value 10,Units 10,Field 11,Value 11,Units 11,Field 12,Value 12,Units 12,Field 13,Value 13,Units 13,Field 14,Value 14,Units 14,Field 15,Value 15,Units 15,Field 16,Value 16,Units 16,Field 17,Value 17,Units 17,Field 18,Value 18,Units 18,Field 19,Value 19,Units 19,Field 20,Value 20,Units 20,Field 21,Value 21,Units 21,Field 22,Value 22,Units 22,Field 23,Value 23,Units 23,Field 24,Value 24,Units 24,Field 25,Value 25,Units 25,Field 26,Value 26,Units 26,Field 27,Value 27,Units 27,Field 28,Value 28,Units 28,Field 29,Value 29,Units 29,Field 30,Value 30,Units 30,Field 31,Value 31,Units 31
Definition,0,file_id,type,1,bytes,time_created,4,bytes,manufacturer,2,bytes,product,2,bytes,product_name,16,bytes
Data,0,file_id,type,4,,time_created,1699437676000,ms,manufacturer,23,,product,59,,product_name,Suunto Vertical,
Definition,0,developer_data_id,developer_data_index,1,bytes,application_id,16,bytes
Data,0,developer_data_id,developer_data_index,0,,application_id,83,
Definition,0,field_description,developer_data_index,1,bytes,field_definition_number,1,bytes,field_name,8,bytes,units,1,bytes,scale,1,bytes,fit_base_type_id,1,bytes
Data,0,field_description,developer_data_index,0,,field_definition_number,0,,field_name,feeling,,units,,,scale,1,,fit_base_type_id,0,
Definition,0,field_description,developer_data_index,1,bytes,field_definition_number,1,bytes,field_name,14,bytes,units,2,bytes,scale,1,bytes,fit_base_type_id,1,bytes
Data,0,field_description,developer_data_index,0,,field_definition_number,2,,field_name,recovery_time,,units,s,,scale,1,,fit_base_type_id,134,
Definition,0,field_description,developer_data_index,1,bytes,field_definition_number,1,bytes,field_name,10,bytes,units,5,bytes,scale,1,bytes,fit_base_type_id,1,bytes
Data,0,field_description,developer_data_index,0,,field_definition_number,4,,field_name,peak_epoc,,units,l/kg,,scale,10,,fit_base_type_id,132,
Definition,0,field_description,developer_data_index,1,bytes,field_definition_number,1,bytes,field_name,10,bytes,units,2,bytes,scale,1,bytes,fit_base_type_id,1,bytes
Data,0,field_description,developer_data_index,0,,field_definition_number,5,,field_name,max_depth,,units,m,,scale,5,,fit_base_type_id,132,
Definition,1,record,timestamp,4,bytes,distance,4,bytes,heart_rate,1,bytes,altitude,2,bytes,cadence,1,bytes,speed,2,bytes,temperature,1,bytes,vertical_speed,2,bytes
Definition,2,record,timestamp,4,bytes,position_lat,4,bytes,position_long,4,bytes,distance,4,bytes,heart_rate,1,bytes,altitude,2,bytes,cadence,1,bytes,speed,2,bytes,temperature,1,bytes,vertical_speed,2,bytes
Definition,3,record,timestamp,4,bytes,heart_rate,1,bytes
Definition,4,event,event,1,bytes,timestamp,4,bytes,event_type,1,bytes,data,4,bytes
Definition,5,record,timestamp,4,bytes,distance,4,bytes,altitude,2,bytes,cadence,1,bytes,speed,2,bytes,temperature,1,bytes,vertical_speed,2,bytes
Definition,6,session,timestamp,4,bytes,start_time,4,bytes,event,1,bytes,event_type,1,bytes,sport,1,bytes,first_lap_index,2,bytes,num_laps,2,bytes,min_heart_rate,1,bytes,avg_heart_rate,1,bytes,max_heart_rate,1,bytes,avg_speed,2,bytes,max_speed,2,bytes,total_calories,2,bytes,total_timer_time,4,bytes,total_elapsed_time,4,bytes,total_distance,4,bytes,max_altitude,2,bytes,min_altitude,2,bytes,training_stress_score,2,bytes,total_cycles,4,bytes,avg_temperature,1,bytes,max_temperature,1,bytes,avg_cadence,1,bytes,max_cadence,1,bytes,total_training_effect,1,bytes,total_ascent,2,bytes,total_descent,2,bytes,time_in_hr_zone,20,bytes,"[0,2]",4,bytes,"[0,4]",2,bytes,"[0,0]",1,bytes,"[0,5]",2,bytes
Definition,7,record,timestamp,4,bytes,distance,4,bytes,heart_rate,1,bytes,altitude,2,bytes,cadence,1,bytes,temperature,1,bytes,vertical_speed,2,bytes
Definition,8,lap,timestamp,4,bytes,start_time,4,bytes,total_elapsed_time,4,bytes,event,1,bytes,event_type,1,bytes,lap_trigger,1,bytes,total_timer_time,4,bytes,min_altitude,2,bytes,avg_altitude,2,bytes,max_altitude,2,bytes,avg_cadence,1,bytes,max_cadence,1,bytes,total_distance,4,bytes,min_heart_rate,1,bytes,avg_heart_rate,1,bytes,max_heart_rate,1,bytes,avg_speed,2,bytes,max_speed,2,bytes,avg_temperature,1,bytes,max_temperature,1,bytes,total_calories,2,bytes
Definition,9,lap,timestamp,4,bytes,start_time,4,bytes,total_elapsed_time,4,bytes,event,1,bytes,event_type,1,bytes,lap_trigger,1,bytes,total_timer_time,4,bytes,min_altitude,2,bytes,avg_altitude,2,bytes,max_altitude,2,bytes,min_heart_rate,1,bytes,avg_heart_rate,1,bytes,max_heart_rate,1,bytes,avg_temperature,1,bytes,max_temperature,1,bytes
Definition,10,record,timestamp,4,bytes,heart_rate,1,bytes,distance,4,bytes
Data,4,event,event,0,,timestamp,1699437448000,ms,event_type,0,,timer_trigger,0,
Data,10,record,timestamp,1699437448000,ms,heart_rate,89,bpm,distance,0.0,m
Data,3,record,timestamp,1699437449000,ms,heart_rate,90,bpm
Data,3,record,timestamp,1699437450000,ms,heart_rate,90,bpm
Data,3,record,timestamp,1699437451000,ms,heart_rate,91,bpm
Data,3,record,timestamp,1699437452000,ms,heart_rate,91,bpm
Data,3,record,timestamp,1699437453000,ms,heart_rate,92,bpm
Data,3,record,timestamp,1699437454000,ms,heart_rate,91,bpm
Data,3,record,timestamp,1699437455000,ms,heart_rate,91,bpm
Definition,0,record,timestamp,4,bytes,heart_rate,1,bytes,altitude,2,bytes,cadence,1,bytes,temperature,1,bytes,vertical_speed,2,bytes
Data,0,record,timestamp,1699437456000,ms,heart_rate,92,bpm,altitude,339.4,m,cadence,39,rpm,temperature,26,C,vertical_speed,0.0,m/s
Definition,0,device_info,timestamp,4,bytes,battery_voltage,2,bytes,manufacturer,2,bytes,product,2,bytes,product_name,16,bytes
Data,0,device_info,timestamp,1699437456000,ms,battery_voltage,4.19921875,V,manufacturer,23,,product,59,,product_name,Suunto Vertical,
Data,7,record,timestamp,1699437457000,ms,distance,1.0,m,heart_rate,93,bpm,altitude,339.4,m,cadence,39,rpm,temperature,26,C,vertical_speed,0.0,m/s
Data,1,record,timestamp,1699437458000,ms,distance,2.0,m,heart_rate,91,bpm,altitude,339.4,m,cadence,39,rpm,speed,0.68,m/s,temperature,26,C,vertical_speed,0.0,m/s
Data,1,record,timestamp,1699437459000,ms,distance,3.0,m,heart_rate,91,bpm,altitude,339.4,m,cadence,48,rpm,speed,0.68,m/s,temperature,26,C,vertical_speed,0.0,m/s
Data,1,record,timestamp,1699437460000,ms,distance,4.0,m,heart_rate,93,bpm,altitude,339.20000000000005,m,cadence,60,rpm,speed,0.88,m/s,temperature,26,C,vertical_speed,0.0,m/s
Data,1,record,timestamp,1699437461000,ms,distance,5.0,m,heart_rate,92,bpm,altitude,339.20000000000005,m,cadence,41,rpm,speed,0.88,m/s,temperature,26,C,vertical_speed,0.0,m/s
Data,1,record,timestamp,1699437462000,ms,distance,7.0,m,heart_rate,93,bpm,altitude,339.0,m,cadence,72,rpm,speed,1.2,m/s,temperature,26,C,vertical_speed,0.0,m/s
Data,1,record,timestamp,1699437463000,ms,distance,8.0,m,heart_rate,94,bpm,altitude,339.0,m,cadence,65,rpm,speed,1.2,m/s,temperature,26,C,vertical_speed,0.0,m/s
Data,1,record,timestamp,1699437464000,ms,distance,9.0,m,heart_rate,94,bpm,altitude,339.0,m,cadence,65,rpm,speed,1.16,m/s,temperature,26,C,vertical_speed,0.0,m/s
Data,1,record,timestamp,1699437465000,ms,distance,10.0,m,heart_rate,96,bpm,altitude,339.6,m,cadence,65,rpm,speed,1.16,m/s,temperature,26,C,vertical_speed,0.0,m/s
Data,1,record,timestamp,1699437466000,ms,distance,11.0,m,heart_rate,96,bpm,altitude,339.6,m,cadence,65,rpm,speed,1.12,m/s,temperature,26,C,vertical_speed,0.0,m/s
Data,1,record,timestamp,1699437467000,ms,distance,11.0,m,heart_rate,96,bpm,altitude,339.6,m,cadence,65,rpm,speed,1.12,m/s,temperature,26,C,vertical_speed,0.0,m/s
Data,1,record,timestamp,1699437468000,ms,distance,11.0,m,heart_rate,99,bpm,altitude,339.6,m,cadence,65,rpm,speed,0.4,m/s,temperature,26,C,vertical_speed,-0.02,m/s
Data,1,record,timestamp,1699437469000,ms,distance,11.0,m,heart_rate,98,bpm,altitude,339.4,m,cadence,65,rpm,speed,0.4,m/s,temperature,26,C,vertical_speed,-0.02,m/s
Data,1,record,timestamp,1699437470000,ms,distance,12.0,m,heart_rate,98,bpm,altitude,339.4,m,cadence,0,rpm,speed,0.34,m/s,temperature,26,C,vertical_speed,-0.02,m/s
Data,1,record,timestamp,1699437471000,ms,distance,12.0,m,heart_rate,99,bpm,altitude,339.4,m,cadence,0,rpm,speed,0.34,m/s,temperature,26,C,vertical_speed,-0.02,m/s
Data,1,record,timestamp,1699437472000,ms,distance,12.0,m,heart_rate,99,bpm,altitude,339.4,m,cadence,0,rpm,speed,0.0,m/s,temperature,26,C,vertical_speed,-0.02,m/s
Data,1,record,timestamp,1699437473000,ms,distance,12.0,m,heart_rate,99,bpm,altitude,339.4,m,cadence,0,rpm,speed,0.0,m/s,temperature,26,C,vertical_speed,-0.02,m/s
Data,1,record,timestamp,1699437474000,ms,distance,12.0,m,heart_rate,100,bpm,altitude,339.4,m,cadence,0,rpm,speed,0.0,m/s,temperature,26,C,vertical_speed,-0.02,m/s
Data,5,record,timestamp,1699437475000,ms,distance,12.0,m,altitude,339.4,m,cadence,0,rpm,speed,0.0,m/s,temperature,26,C,vertical_speed,-0.02,m/s
Data,4,event,event,0,,timestamp,1699437475000,ms,event_type,1,,timer_trigger,0,
Data,4,event,event,0,,timestamp,1699437501000,ms,event_type,0,,timer_trigger,0,
Data,3,record,timestamp,1699437501000,ms,heart_rate,96,bpm
Data,1,record,timestamp,1699437502000,ms,distance,12.0,m,heart_rate,96,bpm,altitude,339.6,m,cadence,0,rpm,speed,0.0,m/s,temperature,26,C,vertical_speed,0.0,m/s
Data,1,record,timestamp,1699437503000,ms,distance,12.0,m,heart_rate,97,bpm,altitude,339.6,m,cadence,0,rpm,speed,0.0,m/s,temperature,27,C,vertical_speed,0.0,m/s
Data,1,record,timestamp,1699437504000,ms,distance,14.0,m,heart_rate,97,bpm,altitude,339.6,m,cadence,0,rpm,speed,0.0,m/s,temperature,27,C,vertical_speed,0.0,m/s
Data,2,record,timestamp,1699437505000,ms,position_lat,45.762310372665524,degrees,position_long,3.108966574072838,degrees,distance,14.0,m,heart_rate,94,bpm,altitude,339.6,m,cadence,0,rpm,speed,0.0,m/s,temperature,27,C,vertical_speed,0.0,m/s
Data,1,record,timestamp,1699437506000,ms,distance,14.0,m,heart_rate,95,bpm,altitude,339.4,m,cadence,0,rpm,speed,0.0,m/s,temperature,27,C,vertical_speed,0.0,m/s
Data,1,record,timestamp,1699437507000,ms,distance,17.0,m,heart_rate,95,bpm,altitude,339.4,m,cadence,0,rpm,speed,0.0,m/s,temperature,27,C,vertical_speed,0.0,m/s
Data,2,record,timestamp,1699437508000,ms,position_lat,45.76231682673097,degrees,position_long,3.1089333817362785,degrees,distance,20.0,m,heart_rate,95,bpm,altitude,339.4,m,cadence,0,rpm,speed,0.3,m/s,temperature,27,C,vertical_speed,0.0,m/s
Data,2,record,timestamp,1699437509000,ms,position_lat,45.76233602128923,degrees,position_long,3.1089649815112352,degrees,distance,20.0,m,heart_rate,96,bpm,altitude,339.4,m,cadence,0,rpm,speed,0.3,m/s,temperature,27,C,vertical_speed,0.0,m/s
Data,1,record,timestamp,1699437510000,ms,distance,23.0,m,heart_rate,95,bpm,altitude,339.20000000000005,m,cadence,75,rpm,speed,1.14,m/s,temperature,27,C,vertical_speed,0.0,m/s
Data,2,record,timestamp,1699437511000,ms,position_lat,45.762310372665524,degrees,position_long,3.1089799851179123,degrees,distance,23.0,m,heart_rate,97,bpm,altitude,338.79999999999995,m,cadence,56,rpm,speed,1.14,m/s,temperature,27,C,vertical_speed,0.0,m/s
Data,1,record,timestamp,1699437512000,ms,distance,27.0,m,heart_rate,96,bpm,altitude,338.79999999999995,m,cadence,56,rpm,speed,1.32,m/s,temperature,27,C,vertical_speed,0.0,m/s
Data,2,record,timestamp,1699437513000,ms,position_lat,45.76227843761444,degrees,position_long,3.108981577679515,degrees,distance,29.0,m,heart_rate,95,bpm,altitude,338.79999999999995,m,cadence,56,rpm,speed,1.32,m/s,temperature,27,C,vertical_speed,0.0,m/s
Data,2,record,timestamp,1699437514000,ms,position_lat,45.762259159237146,degrees,position_long,3.1089799851179123,degrees,distance,29.0,m,heart_rate,96,bpm,altitude,338.79999999999995,m,cadence,56,rpm,speed,1.26,m/s,temperature,27,C,vertical_speed,0.0,m/s
Data,1,record,timestamp,1699437515000,ms,distance,32.0,m,heart_rate,97,bpm,altitude,338.79999999999995,m,cadence,56,rpm,speed,1.26,m/s,temperature,27,C,vertical_speed,0.0,m/s
Data,2,record,timestamp,1699437516000,ms,position_lat,45.76223040930927,degrees,position_long,3.1089932285249233,degrees,distance,32.0,m,heart_rate,97,bpm,altitude,338.79999999999995,m,cadence,57,rpm,speed,1.3,m/s,temperature,27,C,vertical_speed,0.0,m/s
Data,1,record,timestamp,1699437517000,ms,distance,35.0,m,heart_rate,96,bpm,altitude,338.79999999999995,m,cadence,58,rpm,speed,1.3,m/s,temperature,27,C,vertical_speed,0.0,m/s
Data,2,record,timestamp,1699437518000,ms,position_lat,45.76220476068556,degrees,position_long,3.109008399769664,degrees,distance,38.0,m,heart_rate,96,bpm,altitude,338.79999999999995,m,cadence,58,rpm,speed,1.38,m/s,temperature,27,C,vertical_speed,0.0,m/s
Data,2,record,timestamp,1699437519000,ms,position_lat,45.7621855661273,degrees,position_long,3.109016614034772,degrees,distance,38.0,m,heart_rate,97,bpm,altitude,339.0,m,cadence,58,rpm,speed,1.38,m/s,temperature,27,C,vertical_speed,0.0,m/s
Data,1,record,timestamp,1699437520000,ms,distance,41.0,m,heart_rate,98,bpm,altitude,339.0,m,cadence,58,rpm,speed,1.44,m/s,temperature,27,C,vertical_speed,0.0,m/s
Data,2,record,timestamp,1699437521000,ms,position_lat,45.76215363107622,degrees,position_long,3.109031617641449,degrees,distance,41.0,m,heart_rate,98,bpm,altitude,339.0,m,cadence,58,rpm,speed,1.44,m/s,temperature,27,C,vertical_speed,0.0,m/s
Data,1,record,timestamp,1699437522000,ms,distance,45.0,m,heart_rate,99,bpm,altitude,339.0,m,cadence,58,rpm,speed,1.5,m/s,temperature,27,C,vertical_speed,0.0,m/s
Data,2,record,timestamp,1699437523000,ms,position_lat,45.7621216122061,degrees,position_long,3.1090349704027176,degrees,distance,47.0,m,heart_rate,97,bpm,altitude,339.0,m,cadence,58,rpm,speed,1.5,m/s,temperature,27,C,vertical_speed,0.0,m/s
Data,2,record,timestamp,1699437524000,ms,position_lat,45.76210878789425,degrees,position_long,3.109011584892869,degrees,distance,47.0,m,heart_rate,97,bpm,altitude,339.0,m,cadence,58,rpm,speed,1.52,m/s,temperature,27,C,vertical_speed,0.0,m/s
Data,2,record,timestamp,1699437525000,ms,position_lat,45.762089593335986,degrees,position_long,3.109016614034772,degrees,distance,52.0,m,heart_rate,98,bpm,altitude,339.0,m,cadence,58,rpm,speed,1.52,m/s,temperature,27,C,vertical_speed,0.0,m/s
Data,2,record,timestamp,1699437526000,ms,position_lat,45.76207039877772,degrees,position_long,3.1090134289115667,degrees,distance,54.0,m,heart_rate,98,bpm,altitude,339.0,m,cadence,58,rpm,speed,1.54,m/s,temperature,27,C,vertical_speed,0.0,m/s
Data,2,record,timestamp,1699437527000,ms,position_lat,45.76205120421946,degrees,position_long,3.1090099923312664,degrees,distance,54.0,m,heart_rate,101,bpm,altitude,339.20000000000005,m,cadence,58,rpm,speed,1.54,m/s,temperature,27,C,vertical_speed,-0.02,m/s
Data,1,record,timestamp,1699437528000,ms,distance,57.0,m,heart_rate,100,bpm,altitude,339.20000000000005,m,cadence,58,rpm,speed,1.54,m/s,temperature,27,C,vertical_speed,-0.02,m/s
Data,2,record,timestamp,1699437529000,ms,position_lat,45.762019185349345,degrees,position_long,3.109008399769664,degrees,distance,57.0,m,heart_rate,100,bpm,altitude,339.20000000000005,m,cadence,58,rpm,speed,1.54,m/s,temperature,27,C,vertical_speed,-0.02,m/s
Data,1,record,timestamp,1699437530000,ms,distance,60.0,m,heart_rate,100,bpm,altitude,339.0,m,cadence,59,rpm,speed,1.5,m/s,temperature,27,C,vertical_speed,0.0,m/s
Data,2,record,timestamp,1699437531000,ms,position_lat,45.76199362054467,degrees,position_long,3.109016614034772,degrees,distance,60.0,m,heart_rate,100,bpm,altitude,339.20000000000005,m,cadence,59,rpm,speed,1.5,m/s,temperature,27,C,vertical_speed,0.0,m/s
Data,1,record,timestamp,1699437532000,ms,distance,64.0,m,heart_rate,92,bpm,altitude,339.20000000000005,m,cadence,59,rpm,speed,1.66,m/s,temperature,27,C,vertical_speed,0.0,m/s
Data,2,record,timestamp,1699437533000,ms,position_lat,45.76196160167456,degrees,position_long,3.109041592106223,degrees,distance,64.0,m,heart_rate,93,bpm,altitude,339.20000000000005,m,cadence,58,rpm,speed,1.66,m/s,temperature,27,C,vertical_speed,0.0,m/s
Data,1,record,timestamp,1699437534000,ms,distance,67.0,m,heart_rate,93,bpm,altitude,339.20000000000005,m,cadence,58,rpm,speed,1.66,m/s,temperature,27,C,vertical_speed,0.0,m/s
Data,2,record,timestamp,1699437535000,ms,position_lat,45.76193922199309,degrees,position_long,3.109068414196372,degrees,distance,67.0,m,heart_rate,93,bpm,altitude,339.0,m,cadence,58,rpm,speed,1.66,m/s,temperature,27,C,vertical_speed,0.0,m/s
Data,1,record,timestamp,1699437536000,ms,distance,70.0,m,heart_rate,92,bpm,altitude,339.0,m,cadence,57,rpm,speed,1.6,m/s,temperature,27,C,vertical_speed,0.0,m/s
Data,2,record,timestamp,1699437537000,ms,position_lat,45.76192321255803,degrees,position_long,3.109094984829426,degrees,distance,70.0,m,heart_rate,93,bpm,altitude,338.79999999999995,m,cadence,57,rpm,speed,1.6,m/s,temperature,27,C,vertical_speed,0.0,m/s
Data,1,record,timestamp,1699437538000,ms,distance,73.0,m,heart_rate,93,bpm,altitude,338.79999999999995,m,cadence,57,rpm,speed,1.54,m/s,temperature,27,C,vertical_speed,0.0,m/s
Data,2,record,timestamp,1699437539000,ms,position_lat,45.76190720312297,degrees,position_long,3.1091197952628136,degrees,distance,73.0,m,heart_rate,93,bpm,altitude,338.79999999999995,m,cadence,57,rpm,speed,1.54,m/s,temperature,27,C,vertical_speed,0.0,m/s
Data,1,record,timestamp,1699437540000,ms,distance,76.0,m,heart_rate,94,bpm,altitude,339.0,m,cadence,57,rpm,speed,1.58,m/s,temperature,27,C,vertical_speed,0.0,m/s
Data,2,record,timestamp,1699437541000,ms,position_lat,45.76187836937606,degrees,position_long,3.1091316137462854,degrees,distance,76.0,m,heart_rate,95,bpm,altitude,339.0,m,cadence,61,rpm,speed,1.58,m/s,temperature,27,C,vertical_speed,0.0,m/s
Data,1,record,timestamp,1699437542000,ms,distance,79.0,m,heart_rate,95,bpm,altitude,338.79999999999995,m,cadence,56,rpm,speed,1.58,m/s,temperature,27,C,vertical_speed,0.0,m/s
Data,2,record,timestamp,1699437543000,ms,position_lat,45.76185280457139,degrees,position_long,3.109149970114231,degrees,distance,79.0,m,heart_rate,96,bpm,altitude,338.6,m,cadence,55,rpm,speed,1.58,m/s,temperature,27,C,vertical_speed,0.0,m/s
Data,1,record,timestamp,1699437544000,ms,distance,82.0,m,heart_rate,96,bpm,altitude,338.6,m,cadence,55,rpm,speed,1.56,m/s,temperature,27,C,vertical_speed,0.0,m/s
Data,2,record,timestamp,1699437545000,ms,position_lat,45.76183042488992,degrees,position_long,3.109170002862811,degrees,distance,82.0,m,heart_rate,94,bpm,altitude,338.6,m,cadence,58,rpm,speed,1.56,m/s,temperature,27,C,vertical_speed,0.0,m/s
Data,1,record,timestamp,1699437546000,ms,distance,85.0,m,heart_rate,94,bpm,altitude,338.6,m,cadence,55,rpm,speed,1.52,m/s,temperature,27,C,vertical_speed,0.0,m/s
Data,2,record,timestamp,1699437547000,ms,position_lat,45.76180796138942,degrees,position_long,3.1091883592307568,degrees,distance,85.0,m,heart_rate,94,bpm,altitude,338.6,m,cadence,55,rpm,speed,1.52,m/s,temperature,27,C,vertical_speed,0.0,m/s
Data,1,record,timestamp,1699437548000,ms,distance,88.0,m,heart_rate,95,bpm,altitude,338.6,m,cadence,55,rpm,speed,1.52,m/s,temperature,27,C,vertical_speed,0.0,m/s
Data,2,record,timestamp,1699437549000,ms,position_lat,45.76178239658475,degrees,position_long,3.109203362837434,degrees,distance,88.0,m,heart_rate,94,bpm,altitude,339.0,m,cadence,55,rpm,speed,1.52,m/s,temperature,26,C,vertical_speed,0.0,m/s
Data,1,record,timestamp,1699437550000,ms,distance,91.0,m,heart_rate,94,bpm,altitude,339.0,m,cadence,55,rpm,speed,1.5,m/s,temperature,27,C,vertical_speed,0.0,m/s
Data,2,record,timestamp,1699437551000,ms,position_lat,45.76176001690328,degrees,position_long,3.109216606244445,degrees,distance,91.0,m,heart_rate,95,bpm,altitude,338.79999999999995,m,cadence,55,rpm,speed,1.5,m/s,temperature,26,C,vertical_speed,0.0,m/s
Data,1,record,timestamp,1699437552000,ms,distance,94.0,m,heart_rate,95,bpm,altitude,338.79999999999995,m,cadence,56,rpm,speed,1.48,m/s,temperature,26,C,vertical_speed,0.0,m/s
Data,2,record,timestamp,1699437553000,ms,position_lat,45.76173763722181,degrees,position_long,3.109233370050788,degrees,distance,94.0,m,heart_rate,94,bpm,altitude,338.79999999999995,m,cadence,57,rpm,speed,1.48,m/s,temperature,26,C,vertical_speed,0.0,m/s
Data,1,record,timestamp,1699437554000,ms,distance,96.0,m,heart_rate,91,bpm,altitude,338.79999999999995,m,cadence,57,rpm,speed,1.46,m/s,temperature,26,C,vertical_speed,0.0,m/s
Data,2,record,timestamp,1699437555000,ms,position_lat,45.76171517372131,degrees,position_long,3.1092450208961964,degrees,distance,96.0,m,heart_rate,90,bpm,altitude,338.79999999999995,m,cadence,57,rpm,speed,1.46,m/s,temperature,26,C,vertical_speed,0.0,m/s
Data,1,record,timestamp,1699437556000,ms,distance,99.0,m,heart_rate,88,bpm,altitude,338.6,m,cadence,57,rpm,speed,1.44,m/s,temperature,26,C,vertical_speed,0.0,m/s
Data,2,record,timestamp,1699437557000,ms,position_lat,45.76169597916305,degrees,position_long,3.109263377264142,degrees,distance,99.0,m,heart_rate,88,bpm,altitude,338.79999999999995,m,cadence,57,rpm,speed,1.44,m/s,temperature,26,C,vertical_speed,0.0,m/s
Data,1,record,timestamp,1699437558000,ms,distance,102.0,m,heart_rate,88,bpm,altitude,339.0,m,cadence,57,rpm,speed,1.44,m/s,temperature,26,C,vertical_speed,0.0,m/s
Data,2,record,timestamp,1699437559000,ms,position_lat,45.76167678460479,degrees,position_long,3.109284834936261,degrees,distance,102.0,m,heart_rate,89,bpm,altitude,339.0,m,cadence,56,rpm,speed,1.44,m/s,temperature,26,C,vertical_speed,0.0,m/s
Data,1,record,timestamp,1699437560000,ms,distance,105.0,m,heart_rate,89,bpm,altitude,338.79999999999995,m,cadence,56,rpm,speed,1.46,m/s,temperature,26,C,vertical_speed,0.0,m/s
Data,2,record,timestamp,1699437561000,ms,position_lat,45.76165440492332,degrees,position_long,3.109313165768981,degrees,distance,107.0,m,heart_rate,90,bpm,altitude,338.79999999999995,m,cadence,55,rpm,speed,1.46,m/s,temperature,26,C,vertical_speed,0.0,m/s
Data,2,record,timestamp,1699437562000,ms,position_lat,45.76163521036506,degrees,position_long,3.1093216314911842,degrees,distance,107.0,m,heart_rate,88,bpm,altitude,339.0,m,cadence,54,rpm,speed,1.5,m/s,temperature,26,C,vertical_speed,0.0,m/s
Data,1,record,timestamp,1699437563000,ms,distance,110.0,m,heart_rate,88,bpm,altitude,339.0,m,cadence,54,rpm,speed,1.5,m/s,temperature,26,C,vertical_speed,0.0,m/s
Data,2,record,timestamp,1699437564000,ms,position_lat,45.761622386053205,degrees,position_long,3.1092932168394327,degrees,distance,112.0,m,heart_rate,89,bpm,altitude,339.0,m,cadence,54,rpm,speed,1.54,m/s,temperature,26,C,vertical_speed,0.0,m/s
Data,2,record,timestamp,1699437565000,ms,position_lat,45.76163202524185,degrees,position_long,3.1092649698257446,degrees,distance,112.0,m,heart_rate,89,bpm,altitude,339.20000000000005,m,cadence,54,rpm,speed,1.54,m/s,temperature,26,C,vertical_speed,0.0,m/s
Data,1,record,timestamp,1699437566000,ms,distance,116.0,m,heart_rate,89,bpm,altitude,339.4,m,cadence,54,rpm,speed,1.54,m/s,temperature,26,C,vertical_speed,0.0,m/s
Data,2,record,timestamp,1699437567000,ms,position_lat,45.761622386053205,degrees,position_long,3.109223395586014,degrees,distance,116.0,m,heart_rate,90,bpm,altitude,339.4,m,cadence,54,rpm,speed,1.54,m/s,temperature,26,C,vertical_speed,0.0,m/s
Data,1,record,timestamp,1699437568000,ms,distance,119.0,m,heart_rate,90,bpm,altitude,339.4,m,cadence,54,rpm,speed,1.56,m/s,temperature,26,C,vertical_speed,0.0,m/s
Data,2,record,timestamp,1699437569000,ms,position_lat,45.76161283068359,degrees,position_long,3.109185006469488,degrees,distance,119.0,m,heart_rate,91,bpm,altitude,339.20000000000005,m,cadence,55,rpm,speed,1.56,m/s,temperature,26,C,vertical_speed,0.0,m/s
Data,1,record,timestamp,1699437570000,ms,distance,122.0,m,heart_rate,90,bpm,altitude,339.20000000000005,m,cadence,55,rpm,speed,1.54,m/s,temperature,26,C,vertical_speed,0.0,m/s
Data,2,record,timestamp,1699437571000,ms,position_lat,45.76160319149494,degrees,position_long,3.1091515626758337,degrees,distance,122.0,m,heart_rate,91,bpm,altitude,339.0,m,cadence,55,rpm,speed,1.54,m/s,temperature,26,C,vertical_speed,0.0,m/s
Data,1,record,timestamp,1699437572000,ms,distance,124.0,m,heart_rate,89,bpm,altitude,339.0,m,cadence,56,rpm,speed,1.54,m/s,temperature,26,C,vertical_speed,0.0,m/s
Data,2,record,timestamp,1699437573000,ms,position_lat,45.76159682124853,degrees,position_long,3.1091147661209106,degrees,distance,124.0,m,heart_rate,89,bpm,altitude,339.0,m,cadence,57,rpm,speed,1.54,m/s,temperature,26,C,vertical_speed,0.0,m/s
Data,1,record,timestamp,1699437574000,ms,distance,128.0,m,heart_rate,90,bpm,altitude,339.20000000000005,m,cadence,57,rpm,speed,1.54,m/s,temperature,26,C,vertical_speed,0.0,m/s
Data,2,record,timestamp,1699437575000,ms,position_lat,45.76158399693668,degrees,position_long,3.1090799812227488,degrees,distance,128.0,m,heart_rate,90,bpm,altitude,339.20000000000005,m,cadence,57,rpm,speed,1.54,m/s,temperature,26,C,vertical_speed,0.02,m/s
Data,1,record,timestamp,1699437576000,ms,distance,130.0,m,heart_rate,90,bpm,altitude,339.20000000000005,m,cadence,57,rpm,speed,1.52,m/s,temperature,26,C,vertical_speed,0.02,m/s
Data,2,record,timestamp,1699437577000,ms,position_lat,45.76157762669027,degrees,position_long,3.109046621248126,degrees,distance,130.0,m,heart_rate,90,bpm,altitude,339.4,m,cadence,57,rpm,speed,1.52,m/s,temperature,26,C,vertical_speed,0.02,m/s
Data,1,record,timestamp,1699437578000,ms,distance,133.0,m,heart_rate,90,bpm,altitude,339.6,m,cadence,57,rpm,speed,1.52,m/s,temperature,26,C,vertical_speed,0.02,m/s
Data,2,record,timestamp,1699437579000,ms,position_lat,45.76156161725521,degrees,position_long,3.109016614034772,degrees,distance,133.0,m,heart_rate,91,bpm,altitude,339.6,m,cadence,57,rpm,speed,1.52,m/s,temperature,26,C,vertical_speed,0.02,m/s
Data,1,record,timestamp,1699437580000,ms,distance,136.0,m,heart_rate,92,bpm,altitude,339.6,m,cadence,57,rpm,speed,1.5,m/s,temperature,26,C,vertical_speed,0.02,m/s
Data,2,record,timestamp,1699437581000,ms,position_lat,45.761551978066564,degrees,position_long,3.108985014259815,degrees,distance,136.0,m,heart_rate,92,bpm,altitude,339.6,m,cadence,57,rpm,speed,1.5,m/s,temperature,26,C,vertical_speed,0.0,m/s
Data,1,record,timestamp,1699437582000,ms,distance,139.0,m,heart_rate,92,bpm,altitude,339.6,m,cadence,56,rpm,speed,1.52,m/s,temperature,26,C,vertical_speed,0.0,m/s
Data,2,record,timestamp,1699437583000,ms,position_lat,45.761558432132006,degrees,position_long,3.1089466251432896,degrees,distance,139.0,m,heart_rate,92,bpm,altitude,339.4,m,cadence,56,rpm,speed,1.52,m/s,temperature,26,C,vertical_speed,0.0,m/s
Data,1,record,timestamp,1699437584000,ms,distance,142.0,m,heart_rate,92,bpm,altitude,339.4,m,cadence,56,rpm,speed,1.5,m/s,temperature,26,C,vertical_speed,0.0,m/s
Data,2,record,timestamp,1699437585000,ms,position_lat,45.76157762669027,degrees,position_long,3.1089251674711704,degrees,distance,142.0,m,heart_rate,92,bpm,altitude,339.4,m,cadence,56,rpm,speed,1.5,m/s,temperature,26,C,vertical_speed,0.0,m/s
Data,1,record,timestamp,1699437586000,ms,distance,144.0,m,heart_rate,93,bpm,altitude,339.20000000000005,m,cadence,56,rpm,speed,1.48,m/s,temperature,26,C,vertical_speed,0.0,m/s
Data,2,record,timestamp,1699437587000,ms,position_lat,45.76159682124853,degrees,position_long,3.1089084036648273,degrees,distance,144.0,m,heart_rate,94,bpm,altitude,339.20000000000005,m,cadence,56,rpm,speed,1.48,m/s,temperature,26,C,vertical_speed,0.0,m/s
Data,1,record,timestamp,1699437588000,ms,distance,147.0,m,heart_rate,95,bpm,altitude,339.20000000000005,m,cadence,56,rpm,speed,1.48,m/s,temperature,26,C,vertical_speed,0.0,m/s
Data,2,record,timestamp,1699437589000,ms,position_lat,45.76161920093,degrees,position_long,3.1088918074965477,degrees,distance,147.0,m,heart_rate,95,bpm,altitude,339.20000000000005,m,cadence,55,rpm,speed,1.48,m/s,temperature,26,C,vertical_speed,0.0,m/s
Data,1,record,timestamp,1699437590000,ms,distance,149.0,m,heart_rate,96,bpm,altitude,339.0,m,cadence,55,rpm,speed,1.46,m/s,temperature,26,C,vertical_speed,0.0,m/s
Data,2,record,timestamp,1699437591000,ms,position_lat,45.76164158061147,degrees,position_long,3.108894992619753,degrees,distance,149.0,m,heart_rate,98,bpm,altitude,339.0,m,cadence,55,rpm,speed,1.46,m/s,temperature,26,C,vertical_speed,0.02,m/s
Data,1,record,timestamp,1699437592000,ms,distance,152.0,m,heart_rate,100,bpm,altitude,339.0,m,cadence,55,rpm,speed,1.46,m/s,temperature,26,C,vertical_speed,0.02,m/s
Data,2,record,timestamp,1699437593000,ms,position_lat,45.761663960292935,degrees,position_long,3.108915025368333,degrees,distance,152.0,m,heart_rate,101,bpm,altitude,339.20000000000005,m,cadence,56,rpm,speed,1.46,m/s,temperature,26,C,vertical_speed,0.0,m/s
Data,1,record,timestamp,1699437594000,ms,distance,155.0,m,heart_rate,101,bpm,altitude,339.20000000000005,m,cadence,56,rpm,speed,1.46,m/s,temperature,26,C,vertical_speed,0.0,m/s
Data,2,record,timestamp,1699437595000,ms,position_lat,45.76168323867023,degrees,position_long,3.1089333817362785,degrees,distance,155.0,m,heart_rate,101,bpm,altitude,339.20000000000005,m,cadence,56,rpm,speed,1.46,m/s,temperature,26,C,vertical_speed,0.0,m/s
Data,1,record,timestamp,1699437596000,ms,distance,158.0,m,heart_rate,100,bpm,altitude,339.0,m,cadence,56,rpm,speed,1.46,m/s,temperature,26,C,vertical_speed,0.0,m/s
Data,2,record,timestamp,1699437597000,ms,position_lat,45.7617088034749,degrees,position_long,3.108944781124592,degrees,distance,158.0,m,heart_rate,101,bpm,altitude,339.0,m,cadence,57,rpm,speed,1.46,m/s,temperature,26,C,vertical_speed,0.0,m/s
Data,1,record,timestamp,1699437598000,ms,distance,158.0,m,heart_rate,100,bpm,altitude,339.0,m,cadence,58,rpm,speed,1.42,m/s,temperature,26,C,vertical_speed,0.0,m/s
Data,1,record,timestamp,1699437599000,ms,distance,161.0,m,heart_rate,101,bpm,altitude,339.20000000000005,m,cadence,58,rpm,speed,1.42,m/s,temperature,26,C,vertical_speed,0.0,m/s
Data,2,record,timestamp,1699437600000,ms,position_lat,45.761734368279576,degrees,position_long,3.1089466251432896,degrees,distance,161.0,m,heart_rate,100,bpm,altitude,339.0,m,cadence,58,rpm,speed,1.38,m/s,temperature,26,C,vertical_speed,0.0,m/s
Data,1,record,timestamp,1699437601000,ms,distance,163.0,m,heart_rate,100,bpm,altitude,339.0,m,cadence,57,rpm,speed,1.38,m/s,temperature,26,C,vertical_speed,0.0,m/s
Data,2,record,timestamp,1699437602000,ms,position_lat,45.76175356283784,degrees,position_long,3.1089498102664948,degrees,distance,163.0,m,heart_rate,102,bpm,altitude,339.0,m,cadence,56,rpm,speed,1.36,m/s,temperature,26,C,vertical_speed,0.0,m/s
Data,1,record,timestamp,1699437603000,ms,distance,165.0,m,heart_rate,100,bpm,altitude,339.0,m,cadence,56,rpm,speed,1.36,m/s,temperature,26,C,vertical_speed,0.0,m/s
Data,2,record,timestamp,1699437604000,ms,position_lat,45.76177602633834,degrees,position_long,3.1089515704661608,degrees,distance,168.0,m,heart_rate,100,bpm,altitude,339.20000000000005,m,cadence,56,rpm,speed,1.4,m/s,temperature,26,C,vertical_speed,0.0,m/s
Data,2,record,timestamp,1699437605000,ms,position_lat,45.7617952208966,degrees,position_long,3.1089581921696663,degrees,distance,168.0,m,heart_rate,100,bpm,altitude,339.6,m,cadence,56,rpm,speed,1.4,m/s,temperature,26,C,vertical_speed,0.0,m/s
Data,1,record,timestamp,1699437606000,ms,distance,171.0,m,heart_rate,101,bpm,altitude,339.6,m,cadence,56,rpm,speed,1.42,m/s,temperature,26,C,vertical_speed,0.0,m/s
Data,2,record,timestamp,1699437607000,ms,position_lat,45.76181123033166,degrees,position_long,3.1089949887245893,degrees,distance,171.0,m,heart_rate,100,bpm,altitude,339.6,m,cadence,53,rpm,speed,1.42,m/s,temperature,26,C,vertical_speed,0.0,m/s
Data,1,record,timestamp,1699437608000,ms,distance,174.0,m,heart_rate,99,bpm,altitude,339.20000000000005,m,cadence,53,rpm,speed,1.42,m/s,temperature,25,C,vertical_speed,0.0,m/s
Data,2,record,timestamp,1699437609000,ms,position_lat,45.761820785701275,degrees,position_long,3.109028432518244,degrees,distance,174.0,m,heart_rate,99,bpm,altitude,338.79999999999995,m,cadence,56,rpm,speed,1.42,m/s,temperature,26,C,vertical_speed,0.0,m/s
Data,1,record,timestamp,1699437610000,ms,distance,176.0,m,heart_rate,98,bpm,altitude,338.79999999999995,m,cadence,60,rpm,speed,1.42,m/s,temperature,26,C,vertical_speed,0.0,m/s
Data,2,record,timestamp,1699437611000,ms,position_lat,45.76183679513633,degrees,position_long,3.109053410589695,degrees,distance,176.0,m,heart_rate,98,bpm,altitude,339.20000000000005,m,cadence,58,rpm,speed,1.42,m/s,temperature,25,C,vertical_speed,0.0,m/s
Data,1,record,timestamp,1699437612000,ms,distance,179.0,m,heart_rate,98,bpm,altitude,339.20000000000005,m,cadence,57,rpm,speed,1.42,m/s,temperature,25,C,vertical_speed,0.0,m/s
Data,2,record,timestamp,1699437613000,ms,position_lat,45.7618591748178,degrees,position_long,3.109068414196372,degrees,distance,179.0,m,heart_rate,98,bpm,altitude,339.0,m,cadence,56,rpm,speed,1.42,m/s,temperature,25,C,vertical_speed,0.0,m/s
Data,1,record,timestamp,1699437614000,ms,distance,182.0,m,heart_rate,97,bpm,altitude,339.0,m,cadence,56,rpm,speed,1.44,m/s,temperature,25,C,vertical_speed,0.0,m/s
Data,2,record,timestamp,1699437615000,ms,position_lat,45.76188800856471,degrees,position_long,3.109083417803049,degrees,distance,182.0,m,heart_rate,97,bpm,altitude,339.20000000000005,m,cadence,56,rpm,speed,1.44,m/s,temperature,25,C,vertical_speed,0.0,m/s
Data,1,record,timestamp,1699437616000,ms,distance,186.0,m,heart_rate,99,bpm,altitude,339.20000000000005,m,cadence,56,rpm,speed,1.46,m/s,temperature,25,C,vertical_speed,0.0,m/s
Data,2,record,timestamp,1699437617000,ms,position_lat,45.76191675849259,degrees,position_long,3.1090850103646517,degrees,distance,186.0,m,heart_rate,99,bpm,altitude,339.20000000000005,m,cadence,56,rpm,speed,1.46,m/s,temperature,25,C,vertical_speed,0.0,m/s
Data,1,record,timestamp,1699437618000,ms,distance,188.0,m,heart_rate,99,bpm,altitude,339.20000000000005,m,cadence,56,rpm,speed,1.44,m/s,temperature,25,C,vertical_speed,0.0,m/s
Data,2,record,timestamp,1699437619000,ms,position_lat,45.76193922199309,degrees,position_long,3.1090717669576406,degrees,distance,188.0,m,heart_rate,100,bpm,altitude,339.20000000000005,m,cadence,56,rpm,speed,1.44,m/s,temperature,25,C,vertical_speed,0.0,m/s
Data,1,record,timestamp,1699437620000,ms,distance,192.0,m,heart_rate,100,bpm,altitude,339.20000000000005,m,cadence,56,rpm,speed,1.46,m/s,temperature,25,C,vertical_speed,0.0,m/s
Data,2,record,timestamp,1699437621000,ms,position_lat,45.76196797192097,degrees,position_long,3.1090550031512976,degrees,distance,192.0,m,heart_rate,102,bpm,altitude,339.20000000000005,m,cadence,56,rpm,speed,1.46,m/s,temperature,25,C,vertical_speed,0.0,m/s
Data,1,record,timestamp,1699437622000,ms,distance,195.0,m,heart_rate,103,bpm,altitude,339.20000000000005,m,cadence,56,rpm,speed,1.46,m/s,temperature,25,C,vertical_speed,0.0,m/s
Data,2,record,timestamp,1699437623000,ms,position_lat,45.76199362054467,degrees,position_long,3.109041592106223,degrees,distance,195.0,m,heart_rate,104,bpm,altitude,339.0,m,cadence,56,rpm,speed,1.46,m/s,temperature,25,C,vertical_speed,0.0,m/s
Data,1,record,timestamp,1699437624000,ms,distance,198.0,m,heart_rate,105,bpm,altitude,338.79999999999995,m,cadence,56,rpm,speed,1.46,m/s,temperature,25,C,vertical_speed,0.0,m/s
Data,2,record,timestamp,1699437625000,ms,position_lat,45.762019185349345,degrees,position_long,3.1090249959379435,degrees,distance,198.0,m,heart_rate,103,bpm,altitude,338.79999999999995,m,cadence,56,rpm,speed,1.46,m/s,temperature,25,C,vertical_speed,0.0,m/s
Data,1,record,timestamp,1699437626000,ms,distance,201.0,m,heart_rate,105,bpm,altitude,338.79999999999995,m,cadence,56,rpm,speed,1.46,m/s,temperature,25,C,vertical_speed,0.0,m/s
Data,2,record,timestamp,1699437627000,ms,position_lat,45.76203837990761,degrees,position_long,3.109006639569998,degrees,distance,201.0,m,heart_rate,104,bpm,altitude,338.79999999999995,m,cadence,56,rpm,speed,1.46,m/s,temperature,25,C,vertical_speed,0.0,m/s
Data,1,record,timestamp,1699437628000,ms,distance,203.0,m,heart_rate,103,bpm,altitude,339.20000000000005,m,cadence,57,rpm,speed,1.44,m/s,temperature,25,C,vertical_speed,0.0,m/s
Data,2,record,timestamp,1699437629000,ms,position_lat,45.76205757446587,degrees,position_long,3.108996581286192,degrees,distance,203.0,m,heart_rate,103,bpm,altitude,339.20000000000005,m,cadence,57,rpm,speed,1.44,m/s,temperature,25,C,vertical_speed,0.0,m/s
Data,1,record,timestamp,1699437630000,ms,distance,206.0,m,heart_rate,104,bpm,altitude,339.20000000000005,m,cadence,57,rpm,speed,1.46,m/s,temperature,25,C,vertical_speed,0.0,m/s
Data,2,record,timestamp,1699437631000,ms,position_lat,45.762089593335986,degrees,position_long,3.1090000178664923,degrees,distance,206.0,m,heart_rate,103,bpm,altitude,339.0,m,cadence,57,rpm,speed,1.46,m/s,temperature,25,C,vertical_speed,0.0,m/s
Data,1,record,timestamp,1699437632000,ms,distance,209.0,m,heart_rate,104,bpm,altitude,338.79999999999995,m,cadence,58,rpm,speed,1.48,m/s,temperature,25,C,vertical_speed,0.0,m/s
Data,2,record,timestamp,1699437633000,ms,position_lat,45.76211515814066,degrees,position_long,3.108986606821418,degrees,distance,209.0,m,heart_rate,105,bpm,altitude,338.79999999999995,m,cadence,58,rpm,speed,1.48,m/s,temperature,25,C,vertical_speed,0.0,m/s
Data,1,record,timestamp,1699437634000,ms,distance,212.0,m,heart_rate,107,bpm,altitude,338.79999999999995,m,cadence,58,rpm,speed,1.46,m/s,temperature,25,C,vertical_speed,0.0,m/s
Data,2,record,timestamp,1699437635000,ms,position_lat,45.76213762164116,degrees,position_long,3.1089731957763433,degrees,distance,212.0,m,heart_rate,107,bpm,altitude,338.6,m,cadence,58,rpm,speed,1.46,m/s,temperature,25,C,vertical_speed,0.0,m/s
Data,1,record,timestamp,1699437636000,ms,distance,215.0,m,heart_rate,109,bpm,altitude,338.6,m,cadence,58,rpm,speed,1.46,m/s,temperature,25,C,vertical_speed,0.0,m/s
Data,2,record,timestamp,1699437637000,ms,position_lat,45.76215681619942,degrees,position_long,3.108955007046461,degrees,distance,215.0,m,heart_rate,107,bpm,altitude,338.6,m,cadence,58,rpm,speed,1.46,m/s,temperature,25,C,vertical_speed,0.0,m/s
Data,1,record,timestamp,1699437638000,ms,distance,217.0,m,heart_rate,118,bpm,altitude,338.79999999999995,m,cadence,58,rpm,speed,1.44,m/s,temperature,25,C,vertical_speed,0.0,m/s
Data,2,record,timestamp,1699437639000,ms,position_lat,45.76217919588089,degrees,position_long,3.1089431885629892,degrees,distance,217.0,m,heart_rate,119,bpm,altitude,339.0,m,cadence,58,rpm,speed,1.44,m/s,temperature,25,C,vertical_speed,0.0,m/s
Data,1,record,timestamp,1699437640000,ms,distance,220.0,m,heart_rate,119,bpm,altitude,339.0,m,cadence,58,rpm,speed,1.44,m/s,temperature,25,C,vertical_speed,0.0,m/s
Data,2,record,timestamp,1699437641000,ms,position_lat,45.76220476068556,degrees,position_long,3.1089415960013866,degrees,distance,220.0,m,heart_rate,119,bpm,altitude,339.0,m,cadence,58,rpm,speed,1.44,m/s,temperature,25,C,vertical_speed,0.0,m/s
Data,1,record,timestamp,1699437642000,ms,distance,223.0,m,heart_rate,118,bpm,altitude,339.20000000000005,m,cadence,58,rpm,speed,1.44,m/s,temperature,25,C,vertical_speed,0.0,m/s
Data,2,record,timestamp,1699437643000,ms,position_lat,45.76223040930927,degrees,position_long,3.1089348066598177,degrees,distance,223.0,m,heart_rate,116,bpm,altitude,339.20000000000005,m,cadence,58,rpm,speed,1.44,m/s,temperature,25,C,vertical_speed,0.0,m/s
Data,1,record,timestamp,1699437644000,ms,distance,223.0,m,heart_rate,116,bpm,altitude,339.0,m,cadence,57,rpm,speed,1.24,m/s,temperature,25,C,vertical_speed,0.0,m/s
Data,1,record,timestamp,1699437645000,ms,distance,225.0,m,heart_rate,115,bpm,altitude,339.0,m,cadence,57,rpm,speed,1.24,m/s,temperature,25,C,vertical_speed,0.0,m/s
Data,2,record,timestamp,1699437646000,ms,position_lat,45.76224960386753,degrees,position_long,3.108931789174676,degrees,distance,225.0,m,heart_rate,116,bpm,altitude,339.0,m,cadence,57,rpm,speed,0.0,m/s,temperature,25,C,vertical_speed,0.0,m/s
Data,1,record,timestamp,1699437647000,ms,distance,225.0,m,heart_rate,116,bpm,altitude,339.20000000000005,m,cadence,57,rpm,speed,0.0,m/s,temperature,25,C,vertical_speed,0.0,m/s
Data,1,record,timestamp,1699437648000,ms,distance,225.0,m,heart_rate,116,bpm,altitude,339.20000000000005,m,cadence,57,rpm,speed,0.0,m/s,temperature,25,C,vertical_speed,0.0,m/s
Data,1,record,timestamp,1699437649000,ms,distance,225.0,m,heart_rate,116,bpm,altitude,339.20000000000005,m,cadence,0,rpm,speed,0.0,m/s,temperature,25,C,vertical_speed,0.0,m/s
Data,1,record,timestamp,1699437650000,ms,distance,225.0,m,heart_rate,118,bpm,altitude,339.20000000000005,m,cadence,0,rpm,speed,0.3,m/s,temperature,25,C,vertical_speed,0.0,m/s
Data,1,record,timestamp,1699437651000,ms,distance,225.0,m,heart_rate,119,bpm,altitude,339.20000000000005,m,cadence,0,rpm,speed,0.3,m/s,temperature,25,C,vertical_speed,0.0,m/s
Data,1,record,timestamp,1699437652000,ms,distance,225.0,m,heart_rate,118,bpm,altitude,339.0,m,cadence,0,rpm,speed,0.0,m/s,temperature,25,C,vertical_speed,0.0,m/s
Data,1,record,timestamp,1699437653000,ms,distance,225.0,m,heart_rate,119,bpm,altitude,339.0,m,cadence,0,rpm,speed,0.0,m/s,temperature,25,C,vertical_speed,0.0,m/s
Data,1,record,timestamp,1699437654000,ms,distance,225.0,m,heart_rate,120,bpm,altitude,339.0,m,cadence,0,rpm,speed,0.0,m/s,temperature,25,C,vertical_speed,0.0,m/s
Data,1,record,timestamp,1699437655000,ms,distance,225.0,m,heart_rate,119,bpm,altitude,339.20000000000005,m,cadence,0,rpm,speed,0.0,m/s,temperature,25,C,vertical_speed,0.0,m/s
Data,1,record,timestamp,1699437656000,ms,distance,225.0,m,heart_rate,119,bpm,altitude,339.20000000000005,m,cadence,0,rpm,speed,0.0,m/s,temperature,25,C,vertical_speed,0.0,m/s
Data,1,record,timestamp,1699437657000,ms,distance,225.0,m,heart_rate,117,bpm,altitude,339.20000000000005,m,cadence,0,rpm,speed,0.0,m/s,temperature,25,C,vertical_speed,0.0,m/s
Data,1,record,timestamp,1699437658000,ms,distance,225.0,m,heart_rate,118,bpm,altitude,339.20000000000005,m,cadence,0,rpm,speed,0.0,m/s,temperature,25,C,vertical_speed,0.0,m/s
Data,1,record,timestamp,1699437659000,ms,distance,225.0,m,heart_rate,115,bpm,altitude,339.4,m,cadence,0,rpm,speed,0.0,m/s,temperature,25,C,vertical_speed,0.0,m/s
Data,1,record,timestamp,1699437660000,ms,distance,225.0,m,heart_rate,115,bpm,altitude,339.4,m,cadence,0,rpm,speed,0.0,m/s,temperature,25,C,vertical_speed,0.0,m/s
Data,8,lap,timestamp,1699437660000,ms,start_time,1699437448000,ms,total_elapsed_time,212.86,s,event,9,,event_type,1,,lap_trigger,0,,total_timer_time,187.4,s,min_altitude,338.79999999999995,m,avg_altitude,339.20000000000005,m,max_altitude,339.79999999999995,m,avg_cadence,57,rpm,max_cadence,75,rpm,total_distance,225.0,m,min_heart_rate,88,bpm,avg_heart_rate,99,bpm,max_heart_rate,120,bpm,avg_speed,1.201,m/s,max_speed,1.65,m/s,avg_temperature,26,C,max_temperature,27,C,total_calories,25,kcal
Data,1,record,timestamp,1699437661000,ms,distance,225.0,m,heart_rate,116,bpm,altitude,339.4,m,cadence,0,rpm,speed,0.0,m/s,temperature,25,C,vertical_speed,0.0,m/s
Data,1,record,timestamp,1699437662000,ms,distance,225.0,m,heart_rate,116,bpm,altitude,339.4,m,cadence,0,rpm,speed,0.0,m/s,temperature,25,C,vertical_speed,0.0,m/s
Data,1,record,timestamp,1699437663000,ms,distance,225.0,m,heart_rate,118,bpm,altitude,339.4,m,cadence,0,rpm,speed,0.0,m/s,temperature,25,C,vertical_speed,0.0,m/s
Data,1,record,timestamp,1699437664000,ms,distance,225.0,m,heart_rate,119,bpm,altitude,339.4,m,cadence,0,rpm,speed,0.0,m/s,temperature,25,C,vertical_speed,0.0,m/s
Data,1,record,timestamp,1699437665000,ms,distance,225.0,m,heart_rate,119,bpm,altitude,339.6,m,cadence,0,rpm,speed,0.0,m/s,temperature,25,C,vertical_speed,0.0,m/s
Data,1,record,timestamp,1699437666000,ms,distance,225.0,m,heart_rate,118,bpm,altitude,339.6,m,cadence,0,rpm,speed,0.0,m/s,temperature,25,C,vertical_speed,0.0,m/s
Data,1,record,timestamp,1699437667000,ms,distance,225.0,m,heart_rate,118,bpm,altitude,339.6,m,cadence,0,rpm,speed,0.0,m/s,temperature,25,C,vertical_speed,0.0,m/s
Data,9,lap,timestamp,1699437667000,ms,start_time,1699437660000,ms,total_elapsed_time,6.58,s,event,9,,event_type,1,,lap_trigger,0,,total_timer_time,6.6,s,min_altitude,339.4,m,avg_altitude,339.4,m,max_altitude,339.6,m,min_heart_rate,116,bpm,avg_heart_rate,118,bpm,max_heart_rate,119,bpm,avg_temperature,25,C,max_temperature,25,C
Data,1,record,timestamp,1699437668000,ms,distance,225.0,m,heart_rate,117,bpm,altitude,339.4,m,cadence,0,rpm,speed,0.0,m/s,temperature,25,C,vertical_speed,0.0,m/s
Data,1,record,timestamp,1699437669000,ms,distance,225.0,m,heart_rate,118,bpm,altitude,339.4,m,cadence,0,rpm,speed,0.0,m/s,temperature,25,C,vertical_speed,0.0,m/s
Data,1,record,timestamp,1699437670000,ms,distance,225.0,m,heart_rate,114,bpm,altitude,339.20000000000005,m,cadence,0,rpm,speed,0.0,m/s,temperature,25,C,vertical_speed,0.0,m/s
Data,1,record,timestamp,1699437671000,ms,distance,225.0,m,heart_rate,114,bpm,altitude,339.20000000000005,m,cadence,0,rpm,speed,0.0,m/s,temperature,25,C,vertical_speed,0.0,m/s
Data,1,record,timestamp,1699437672000,ms,distance,225.0,m,heart_rate,111,bpm,altitude,339.20000000000005,m,cadence,0,rpm,speed,0.0,m/s,temperature,25,C,vertical_speed,0.0,m/s
Data,1,record,timestamp,1699437673000,ms,distance,225.0,m,heart_rate,111,bpm,altitude,339.20000000000005,m,cadence,0,rpm,speed,0.0,m/s,temperature,25,C,vertical_speed,0.0,m/s
Data,1,record,timestamp,1699437674000,ms,distance,225.0,m,heart_rate,112,bpm,altitude,339.20000000000005,m,cadence,0,rpm,speed,0.0,m/s,temperature,25,C,vertical_speed,0.0,m/s
Data,1,record,timestamp,1699437675000,ms,distance,225.0,m,heart_rate,114,bpm,altitude,339.4,m,cadence,0,rpm,speed,0.0,m/s,temperature,25,C,vertical_speed,0.0,m/s
Data,1,record,timestamp,1699437676000,ms,distance,225.0,m,heart_rate,114,bpm,altitude,339.4,m,cadence,0,rpm,speed,0.0,m/s,temperature,25,C,vertical_speed,0.0,m/s
Definition,0,lap,timestamp,4,bytes,start_time,4,bytes,total_elapsed_time,4,bytes,event,1,bytes,event_type,1,bytes,lap_trigger,1,bytes,total_timer_time,4,bytes,min_altitude,2,bytes,avg_altitude,2,bytes,max_altitude,2,bytes,min_heart_rate,1,bytes,avg_heart_rate,1,bytes,max_heart_rate,1,bytes,avg_temperature,1,bytes,max_temperature,1,bytes,total_calories,2,bytes
Data,0,lap,timestamp,1699437676000,ms,start_time,1699437667000,ms,total_elapsed_time,9.05,s,event,9,,event_type,1,,lap_trigger,0,,total_timer_time,9.1,s,min_altitude,339.20000000000005,m,avg_altitude,339.20000000000005,m,max_altitude,339.6,m,min_heart_rate,111,bpm,avg_heart_rate,114,bpm,max_heart_rate,118,bpm,avg_temperature,25,C,max_temperature,25,C,total_calories,5,kcal
Data,4,event,event,0,,timestamp,1699437676000,ms,event_type,1,,timer_trigger,0,
Data,6,session,timestamp,1699437676000,ms,start_time,1699437448000,ms,event,8,,event_type,1,,sport,11,,first_lap_index,0,,num_laps,3,,min_heart_rate,88,bpm,avg_heart_rate,100,bpm,max_heart_rate,120,bpm,avg_speed,1.108,m/s,max_speed,1.65,m/s,total_calories,30,kcal,total_timer_time,203.06,s,total_elapsed_time,228.49,s,total_distance,225.0,m,max_altitude,339.79999999999995,m,min_altitude,338.79999999999995,m,training_stress_score,2.1,tss,total_strides,118,strides,avg_temperature,26,C,max_temperature,27,C,avg_cadence,57,rpm,max_cadence,75,rpm,total_training_effect,1.1,,total_ascent,0,m,total_descent,0,m,time_in_hr_zone,202.847,s,field_description,180,s,field_description,1.5,l/kg,field_description,5,,field_description,0.0,m
Definition,0,activity,timestamp,4,bytes,num_sessions,2,bytes,type,1,bytes,event,1,bytes,event_type,1,bytes,local_timestamp,4,bytes
Data,0,activity,timestamp,1699437676000,ms,num_sessions,1,,type,0,,event,26,,event_type,1,,local_timestamp,1068375676,